{
  "entities": [
    {
      "BoxCollider2D": {
        "categoryBits": 4,
        "density": 1.0,
        "enabled": true,
        "friction": 0.0,
        "isSensor": false,
        "maskBits": 11,
        "offset": {
          "x": 0.0,
          "y": 0.0
        },
        "restitution": 0.0,
        "size": {
          "x": 48.0,
          "y": 48.0
        }
      },
      "RigidBody2D": {
        "angularDamping": 0.0,
        "enableSleep": false,
        "enabled": true,
        "fixedRotation": true,
        "gravityScale": 0.0,
        "isBullet": false,
        "linearDamping": 0.0,
        "type": "Dynamic"
      },
      "SpriteRenderer": {
        "flip": 0,
        "layer": 0,
        "size": {
          "x": 48.0,
          "y": 48.0
        },
        "sourceRect": {
          "h": 0,
          "w": 0,
          "x": 0,
          "y": 0
        },
        "texturePath": "test.png",
        "tint": {
          "a": 255,
          "b": 80,
          "g": 200,
          "r": 255
        },
        "useSourceRect": false
      },
      "Transform": {
        "position": {
          "x": 140.0,
          "y": -200.0
        },
        "rotationDeg": 0.0,
        "scale": {
          "x": 1.0,
          "y": 1.0
        }
      },
      "id": 3749348055309090822,
      "tag": "DummyEnemy"
    },
    {
      "BoxCollider2D": {
        "categoryBits": 1,
        "density": 1.0,
        "enabled": true,
        "friction": 0.20000000298023224,
        "isSensor": false,
        "maskBits": 2,
        "offset": {
          "x": 0.0,
          "y": 0.0
        },
        "restitution": 0.0,
        "size": {
          "x": 32.0,
          "y": 96.0
        }
      },
      "Gate": {
        "closedTint": {
          "a": 255,
          "b": 120,
          "g": 120,
          "r": 255
        },
        "hideWhenOpen": false,
        "invert": false,
        "openBehavior": "DisableCollider",
        "openTint": {
          "a": 200,
          "b": 120,
          "g": 255,
          "r": 120
        },
        "openWhenSatisfied": true,
        "overrideTint": true,
        "requireAllAbilities": [
          "Dash"
        ],
        "requireAllFlags": [],
        "requireAnyAbilities": [],
        "requireAnyFlags": []
      },
      "RigidBody2D": {
        "angularDamping": 0.0,
        "enableSleep": true,
        "enabled": true,
        "fixedRotation": true,
        "gravityScale": 1.0,
        "isBullet": false,
        "linearDamping": 0.0,
        "type": "Static"
      },
      "SpriteRenderer": {
        "flip": 0,
        "layer": 1,
        "size": {
          "x": 32.0,
          "y": 96.0
        },
        "sourceRect": {
          "h": 0,
          "w": 0,
          "x": 0,
          "y": 0
        },
        "texturePath": "test.png",
        "tint": {
          "a": 255,
          "b": 255,
          "g": 255,
          "r": 255
        },
        "useSourceRect": false
      },
      "Transform": {
        "position": {
          "x": 360.0,
          "y": -232.0
        },
        "rotationDeg": 0.0,
        "scale": {
          "x": 1.0,
          "y": 1.0
        }
      },
      "id": 3749348055309090821,
      "tag": "DashGate"
    },
    {
      "GrantProgression": {
        "ability": "Dash",
        "radiusPx": 32.0,
        "setFlag": "pickup_dash",
        "unlockAbility": true
      },
      "PersistentFlag": {
        "flag": "pickup_dash"
      },
      "SpriteRenderer": {
        "flip": 0,
        "layer": 1,
        "size": {
          "x": 32.0,
          "y": 32.0
        },
        "sourceRect": {
          "h": 0,
          "w": 0,
          "x": 0,
          "y": 0
        },
        "texturePath": "test.png",
        "tint": {
          "a": 255,
          "b": 255,
          "g": 255,
          "r": 255
        },
        "useSourceRect": false
      },
      "Transform": {
        "position": {
          "x": 200.0,
          "y": -220.0
        },
        "rotationDeg": 0.0,
        "scale": {
          "x": 1.0,
          "y": 1.0
        }
      },
      "id": 3749348055309090820,
      "tag": "DashPickup"
    },
    {
      "Door": {
        "autoTrigger": false,
        "interactKey": 26,
        "requireInteract": true,
        "targetScene": "Scenes/room_b.scene.json",
        "targetSpawn": "from_left",
        "triggerSize": {
          "x": 48.0,
          "y": 96.0
        }
      },
      "Transform": {
        "position": {
          "x": 320.0,
          "y": -232.0
        },
        "rotationDeg": 0.0,
        "scale": {
          "x": 1.0,
          "y": 1.0
        }
      },
      "id": 3749348055309090819,
      "tag": "DoorToRoomB"
    },
    {
      "PlayerSpawn": {
        "name": "start"
      },
      "Transform": {
        "position": {
          "x": 0.0,
          "y": -200.0
        },
        "rotationDeg": 0.0,
        "scale": {
          "x": 1.0,
          "y": 1.0
        }
      },
      "id": 3749348055309090818,
      "tag": "SpawnStart"
    },
    {
      "Tilemap": {
        "height": 25,
        "layers": [
          {
            "layer": -10,
            "name": "Base",
            "tiles": [
              5,
              -1,
              -1,
              -1,
              -1,
              -1,
              -1,
              -1,
              -1,
              -1,
              -1,
              -1,
              -1,
              -1,
              -1,
              -1,
              -1,
              5,
              -1,
              -1,
              -1,
              -1,
              -1,
              -1,
              -1,
              -1,
              -1,
              -1,
              -1,
              -1,
              -1,
              -1,
              -1,
              -1,
              5,
              -1,
              -1,
              -1,
              -1,
              -1,
              -1,
              -1,
              -1,
              -1,
              -1,
              -1,
              -1,
              -1,
              -1,
              -1,
              -1,
              -1,
              -1,
              -1,
              -1,
              -1,
              -1,
              -1,
              -1,
              -1,
              -1,
              -1,
              -1,
              -1,
              -1,
              -1,
              5,
              -1,
              -1,
              -1,
              -1,
              -1,
              -1,
              -1,
              -1,
              -1,
              -1,
              -1,
              -1,
              -1,
              -1,
              -1,
              -1,
              5,
              -1,
              -1,
              -1,
              -1,
              -1,
              -1,
              -1,
              -1,
              -1,
              -1,
              -1,
              -1,
              -1,
              -1,
              -1,
              -1,
              -1,
              -1,
              -1,
              -1,
              -1,
              -1,
              -1,
              -1,
              -1,
              -1,
              -1,
              -1,
              -1,
              -1,
              -1,
              5,
              -1,
              -1,
              -1,
              -1,
              -1,
              -1,
              -1,
              -1,
              -1,
              -1,
              -1,
              -1,
              -1,
              -1,
              -1,
              -1,
              5,
              -1,
              -1,
              -1,
              -1,
              -1,
              -1,
              -1,
              -1,
              -1,
              -1,
              -1,
              -1,
              -1,
              -1,
              -1,
              -1,
              5,
              -1,
              -1,
              -1,
              -1,
              -1,
              -1,
              -1,
              -1,
              -1,
              -1,
              -1,
              -1,
              -1,
              -1,
              5,
              -1,
              -1,
              -1,
              -1,
              -1,
              -1,
              -1,
              -1,
              -1,
              -1,
              -1,
              -1,
              -1,
              -1,
              -1,
              -1,
              5,
              -1,
              -1,
              -1,
              -1,
              -1,
              -1,
              -1,
              -1,
              -1,
              -1,
              -1,
              -1,
              -1,
              -1,
              -1,
              -1,
              5,
              -1,
              -1,
              -1,
              -1,
              -1,
              -1,
              -1,
              -1,
              -1,
              -1,
              -1,
              -1,
              -1,
              -1,
              5,
              -1,
              -1,
              -1,
              -1,
              -1,
              -1,
              -1,
              -1,
              -1,
              -1,
              -1,
              -1,
              -1,
              -1,
              -1,
              -1,
              5,
              -1,
              -1,
              -1,
              -1,
              -1,
              -1,
              -1,
              -1,
              -1,
              -1,
              -1,
              -1,
              -1,
              -1,
              -1,
              -1,
              5,
              -1,
              -1,
              -1,
              -1,
              -1,
              -1,
              -1,
              -1,
              -1,
              -1,
              -1,
              -1,
              -1,
              -1,
              5,
              -1,
              -1,
              -1,
              -1,
              -1,
              -1,
              -1,
              -1,
              -1,
              -1,
              -1,
              -1,
              -1,
              -1,
              -1,
              -1,
              5,
              -1,
              -1,
              -1,
              -1,
              -1,
              -1,
              -1,
              -1,
              -1,
              -1,
              -1,
              -1,
              -1,
              -1,
              -1,
              -1,
              5,
              -1,
              -1,
              -1,
              -1,
              -1,
              -1,
              -1,
              -1,
              -1,
              -1,
              -1,
              -1,
              -1,
              -1,
              5,
              -1,
              -1,
              -1,
              -1,
              -1,
              -1,
              -1,
              -1,
              -1,
              -1,
              -1,
              -1,
              -1,
              -1,
              -1,
              -1,
              5,
              -1,
              -1,
              -1,
              -1,
              -1,
              -1,
              -1,
              -1,
              -1,
              -1,
              -1,
              -1,
              -1,
              -1,
              -1,
              -1,
              5,
              -1,
              -1,
              -1,
              -1,
              -1,
              -1,
              -1,
              -1,
              -1,
              -1,
              -1,
              -1,
              -1,
              -1,
              5,
              -1,
              -1,
              -1,
              -1,
              -1,
              -1,
              -1,
              -1,
              -1,
              -1,
              -1,
              -1,
              -1,
              -1,
              -1,
              -1,
              5,
              -1,
              -1,
              -1,
              -1,
              -1,
              -1,
              -1,
              -1,
              -1,
              -1,
              -1,
              -1,
              -1,
              -1,
              -1,
              -1,
              5,
              -1,
              -1,
              -1,
              -1,
              -1,
              -1,
              -1,
              -1,
              -1,
              -1,
              -1,
              -1,
              -1,
              -1,
              5,
              -1,
              -1,
              -1,
              -1,
              -1,
              -1,
              -1,
              -1,
              -1,
              -1,
              -1,
              -1,
              -1,
              -1,
              -1,
              -1,
              5,
              -1,
              -1,
              -1,
              -1,
              -1,
              -1,
              -1,
              -1,
              -1,
              -1,
              -1,
              -1,
              -1,
              -1,
              -1,
              -1,
              5,
              -1,
              -1,
              -1,
              -1,
              -1,
              -1,
              -1,
              -1,
              -1,
              -1,
              -1,
              -1,
              -1,
              -1,
              5,
              -1,
              -1,
              -1,
              -1,
              -1,
              -1,
              -1,
              -1,
              -1,
              -1,
              -1,
              -1,
              -1,
              -1,
              -1,
              -1,
              5,
              -1,
              -1,
              -1,
              -1,
              -1,
              -1,
              -1,
              -1,
              -1,
              -1,
              -1,
              -1,
              -1,
              -1,
              -1,
              -1,
              5,
              -1,
              -1,
              -1,
              -1,
              -1,
              -1,
              -1,
              -1,
              -1,
              -1,
              -1,
              -1,
              -1,
              -1,
              5,
              -1,
              -1,
              -1,
              -1,
              -1,
              -1,
              -1,
              -1,
              -1,
              -1,
              -1,
              -1,
              -1,
              -1,
              -1,
              -1,
              5,
              -1,
              -1,
              -1,
              -1,
              -1,
              -1,
              -1,
              -1,
              -1,
              -1,
              -1,
              -1,
              -1,
              -1,
              -1,
              -1,
              5,
              -1,
              -1,
              -1,
              -1,
              -1,
              -1,
              -1,
              -1,
              -1,
              -1,
              -1,
              -1,
              -1,
              -1,
              5,
              -1,
              -1,
              -1,
              -1,
              -1,
              -1,
              -1,
              -1,
              -1,
              -1,
              -1,
              -1,
              -1,
              -1,
              -1,
              -1,
              5,
              -1,
              -1,
              -1,
              -1,
              -1,
              -1,
              -1,
              -1,
              -1,
              -1,
              -1,
              -1,
              -1,
              -1,
              -1,
              -1,
              5,
              -1,
              -1,
              -1,
              -1,
              -1,
              -1,
              -1,
              -1,
              -1,
              -1,
              -1,
              -1,
              -1,
              -1,
              5,
              -1,
              -1,
              -1,
              -1,
              -1,
              -1,
              -1,
              -1,
              -1,
              -1,
              -1,
              -1,
              -1,
              -1,
              -1,
              -1,
              5,
              -1,
              -1,
              -1,
              -1,
              -1,
              -1,
              -1,
              -1,
              -1,
              -1,
              -1,
              -1,
              -1,
              -1,
              -1,
              -1,
              5,
              -1,
              -1,
              -1,
              -1,
              -1,
              -1,
              -1,
              -1,
              -1,
              -1,
              -1,
              -1,
              -1,
              -1,
              5,
              -1,
              -1,
              -1,
              -1,
              -1,
              -1,
              -1,
              -1,
              -1,
              -1,
              -1,
              -1,
              -1,
              -1,
              -1,
              -1,
              5,
              -1,
              -1,
              -1,
              -1,
              -1,
              -1,
              -1,
              -1,
              -1,
              -1,
              -1,
              -1,
              -1,
              -1,
              -1,
              -1,
              5,
              -1,
              -1,
              -1,
              -1,
              -1,
              -1,
              -1,
              -1,
              -1,
              -1,
              -1,
              -1,
              -1,
              -1,
              5,
              -1,
              -1,
              -1,
              -1,
              -1,
              -1,
              -1,
              -1,
              -1,
              -1,
              -1,
              -1,
              -1,
              -1,
              -1,
              -1,
              5,
              -1,
              -1,
              -1,
              -1,
              -1,
              -1,
              -1,
              -1,
              -1,
              -1,
              -1,
              -1,
              -1,
              -1,
              -1,
              -1,
              5,
              -1,
              -1,
              -1,
              -1,
              -1,
              -1,
              -1,
              -1,
              -1,
              -1,
              -1,
              -1,
              -1,
              -1,
              5,
              -1,
              -1,
              -1,
              -1,
              -1,
              -1,
              -1,
              -1,
              -1,
              -1,
              -1,
              -1,
              -1,
              -1,
              -1,
              -1,
              5,
              -1,
              -1,
              -1,
              -1,
              -1,
              -1,
              -1,
              -1,
              -1,
              -1,
              -1,
              -1,
              -1,
              -1,
              -1,
              -1,
              5,
              -1,
              -1,
              -1,
              -1,
              -1,
              -1,
              -1,
              -1,
              -1,
              -1,
              -1,
              -1,
              -1,
              -1,
              5,
              -1,
              -1,
              -1,
              -1,
              -1,
              -1,
              -1,
              -1,
              -1,
              -1,
              -1,
              -1,
              -1,
              -1,
              -1,
              -1,
              5,
              -1,
              -1,
              -1,
              -1,
              -1,
              -1,
              -1,
              -1,
              -1,
              -1,
              -1,
              -1,
              -1,
              -1,
              -1,
              -1,
              5,
              -1,
              -1,
              -1,
              -1,
              -1,
              -1,
              -1,
              -1,
              -1,
              -1,
              -1,
              -1,
              -1,
              -1,
              5,
              -1,
              -1,
              -1,
              -1,
              -1,
              -1,
              -1,
              -1,
              -1,
              -1,
              -1,
              -1,
              -1,
              -1,
              -1,
              -1,
              5,
              -1,
              -1,
              -1,
              -1,
              -1,
              -1,
              -1,
              -1,
              -1,
              -1,
              -1,
              -1,
              -1,
              -1,
              -1,
              -1,
              5,
              -1,
              -1,
              -1,
              -1,
              -1,
              -1,
              -1,
              -1,
              -1,
              -1,
              -1,
              -1,
              -1,
              -1,
              -1,
              -1,
              -1,
              -1,
              -1,
              -1,
              -1,
              -1,
              -1,
              -1,
              -1,
              -1,
              -1,
              -1,
              2,
              -1,
              -1,
              5,
              -1,
              -1,
              -1,
              -1,
              -1,
              -1,
              -1,
              -1,
              -1,
              -1,
              -1,
              -1,
              -1,
              -1,
              -1,
              -1,
              5,
              -1,
              -1,
              -1,
              -1,
              -1,
              -1,
              -1,
              -1,
              -1,
              -1,
              -1,
              -1,
              -1,
              -1,
              -1,
              -1,
              -1,
              -1,
              -1,
              -1,
              -1,
              -1,
              -1,
              -1,
              -1,
              -1,
              -1,
              -1,
              2,
              -1,
              -1,
              5,
              -1,
              -1,
              -1,
              -1,
              -1,
              -1,
              -1,
              -1,
              -1,
              -1,
              -1,
              -1,
              -1,
              -1,
              -1,
              -1,
              5,
              -1,
              -1,
              -1,
              -1,
              -1,
              -1,
              -1,
              -1,
              -1,
              -1,
              -1,
              -1,
              -1,
              -1,
              -1,
              -1,
              5,
              -1,
              -1,
              -1,
              -1,
              -1,
              -1,
              -1,
              -1,
              -1,
              -1,
              -1,
              2,
              -1,
              -1,
              5,
              -1,
              -1,
              -1,
              -1,
              -1,
              -1,
              -1,
              -1,
              -1,
              -1,
              -1,
              -1,
              -1,
              -1,
              -1,
              -1,
              5,
              -1,
              -1,
              -1,
              -1,
              -1,
              -1,
              -1,
              -1,
              -1,
              -1,
              -1,
              -1,
              -1,
              -1,
              -1,
              -1,
              5,
              -1,
              -1,
              -1,
              -1,
              -1,
              -1,
              -1,
              -1,
              -1,
              -1,
              -1,
              2,
              -1,
              -1,
              5,
              -1,
              -1,
              -1,
              -1,
              -1,
              -1,
              -1,
              -1,
              -1,
              -1,
              -1,
              -1,
              -1,
              -1,
              -1,
              -1,
              5,
              -1,
              -1,
              -1,
              -1,
              -1,
              -1,
              -1,
              -1,
              -1,
              -1,
              -1,
              -1,
              -1,
              -1,
              -1,
              -1,
              5,
              -1,
              -1,
              -1,
              -1,
              -1,
              -1,
              -1,
              -1,
              -1,
              -1,
              -1,
              2,
              -1,
              -1,
              5,
              -1,
              -1,
              -1,
              -1,
              -1,
              -1,
              -1,
              -1,
              -1,
              -1,
              -1,
              -1,
              -1,
              -1,
              -1,
              -1,
              5,
              -1,
              -1,
              -1,
              -1,
              -1,
              -1,
              -1,
              -1,
              -1,
              -1,
              -1,
              -1,
              -1,
              -1,
              -1,
              -1,
              5,
              -1,
              -1,
              -1,
              -1,
              -1,
              -1,
              -1,
              -1,
              -1,
              -1,
              -1,
              2,
              -1,
              -1,
              5,
              -1,
              -1,
              -1,
              -1,
              -1,
              -1,
              -1,
              -1,
              -1,
              -1,
              -1,
              -1,
              -1,
              -1,
              -1,
              -1,
              5,
              -1,
              -1,
              -1,
              -1,
              -1,
              -1,
              -1,
              -1,
              -1,
              -1,
              -1,
              -1,
              -1,
              -1,
              -1,
              -1,
              5,
              -1,
              -1,
              -1,
              -1,
              1,
              1,
              1,
              1,
              1,
              1,
              1,
              1,
              1,
              1,
              1,
              1,
              1,
              1,
              1,
              1,
              1,
              1,
              1,
              1,
              1,
              1,
              1,
              1,
              1,
              1,
              1,
              1,
              1,
              1,
              1,
              1,
              1,
              1,
              1,
              1,
              1,
              1,
              1,
              1,
              1,
              1,
              1,
              1,
              1,
              1,
              1,
              1,
              1,
              1
            ],
            "tint": {
              "a": 255,
              "b": 255,
              "g": 255,
              "r": 255
            },
            "visible": true
          }
        ],
        "tileHeight": 32,
        "tileWidth": 32,
        "tileset": {
          "columns": 8,
          "margin": 0,
          "spacing": 0,
          "texturePath": "tiles.png",
          "tileHeight": 32,
          "tileWidth": 32
        },
        "width": 50
      },
      "TilemapCollider": {
        "collisionLayerIndex": 0,
        "friction": 0.8999999761581421,
        "isSensor": false,
        "restitution": 0.0,
        "slopeFriction": 0.019999999552965164,
        "slopeUpLeftTiles": [
          3
        ],
        "slopeUpRightTiles": [
          2
        ]
      },
      "Transform": {
        "position": {
          "x": -400.0,
          "y": -200.0
        },
        "rotationDeg": 0.0,
        "scale": {
          "x": 1.0,
          "y": 1.0
        }
      },
      "id": 3749348055309090817,
      "tag": "Tilemap"
    }
  ],
  "sceneVersion": 1
}