{
  "frames": {
    "player_idle_0": {
      "texture": "../Sprites/player_idle.png",
      "x": 0,
      "y": 0,
      "w": 32,
      "h": 32
    },
    "player_idle_1": {
      "texture": "../Sprites/player_idle.png",
      "x": 32,
      "y": 0,
      "w": 32,
      "h": 32
    },
    "player_idle_2": {
      "texture": "../Sprites/player_idle.png",
      "x": 0,
      "y": 32,
      "w": 32,
      "h": 32
    },
    "player_idle_3": {
      "texture": "../Sprites/player_idle.png",
      "x": 32,
      "y": 32,
      "w": 32,
      "h": 32
    },

    "player_walk_0": {
      "texture": "../Sprites/player_walk_0.png",
      "x": 0,
      "y": 0,
      "w": 48,
      "h": 48
    },
    "player_jump_0": {
      "texture": "../Sprites/player_jump_0.png",
      "x": 0,
      "y": 0,
      "w": 48,
      "h": 48
    }
  }
}